Date,Open,High,Low,Close,Volume,Dividends,Stock Splits
2021-01-29 00:00:00+11:00,0.7400000095367432,0.75,0.550000011920929,0.5899999737739563,7467485,0,0
2021-02-01 00:00:00+11:00,0.6100000143051147,0.699999988079071,0.5899999737739563,0.6499999761581421,5129415,0,0
2021-02-02 00:00:00+11:00,0.6549999713897705,0.7149999737739563,0.6100000143051147,0.6100000143051147,4807734,0,0
2021-02-03 00:00:00+11:00,0.6349999904632568,0.6549999713897705,0.625,0.6499999761581421,1763680,0,0
2021-02-04 00:00:00+11:00,0.6600000262260437,0.699999988079071,0.6549999713897705,0.6700000166893005,2248189,0,0
2021-02-05 00:00:00+11:00,0.6949999928474426,0.7250000238418579,0.6700000166893005,0.675000011920929,2482088,0,0
2021-02-08 00:00:00+11:00,0.6899999976158142,0.6949999928474426,0.6700000166893005,0.6800000071525574,1497879,0,0
2021-02-09 00:00:00+11:00,0.6800000071525574,0.6800000071525574,0.6299999952316284,0.6349999904632568,955742,0,0
2021-02-10 00:00:00+11:00,0.6399999856948853,0.6449999809265137,0.6349999904632568,0.6449999809265137,667460,0,0
2021-02-11 00:00:00+11:00,0.6449999809265137,0.6449999809265137,0.6299999952316284,0.6299999952316284,503403,0,0
2021-02-12 00:00:00+11:00,0.6299999952316284,0.6800000071525574,0.6299999952316284,0.6600000262260437,954248,0,0
2021-02-15 00:00:00+11:00,0.6549999713897705,0.6600000262260437,0.6349999904632568,0.6399999856948853,1477629,0,0
2021-02-16 00:00:00+11:00,0.6399999856948853,0.6600000262260437,0.6399999856948853,0.6600000262260437,579778,0,0
2021-02-17 00:00:00+11:00,0.6700000166893005,0.7350000143051147,0.6600000262260437,0.6600000262260437,990233,0,0
2021-02-18 00:00:00+11:00,0.6800000071525574,0.6850000023841858,0.6349999904632568,0.6549999713897705,743468,0,0
2021-02-19 00:00:00+11:00,0.6650000214576721,0.6700000166893005,0.6349999904632568,0.6499999761581421,815229,0,0
2021-02-22 00:00:00+11:00,0.6600000262260437,0.6600000262260437,0.6349999904632568,0.6399999856948853,412935,0,0
2021-02-23 00:00:00+11:00,0.6399999856948853,0.6449999809265137,0.6299999952316284,0.6349999904632568,583608,0,0
2021-02-24 00:00:00+11:00,0.6299999952316284,0.6399999856948853,0.6200000047683716,0.6299999952316284,522800,0,0
2021-02-25 00:00:00+11:00,0.6299999952316284,0.6549999713897705,0.625,0.6399999856948853,923992,0,0
2021-02-26 00:00:00+11:00,0.6449999809265137,0.6600000262260437,0.6150000095367432,0.6299999952316284,519277,0,0
2021-03-01 00:00:00+11:00,0.6349999904632568,0.6349999904632568,0.5950000286102295,0.6100000143051147,923712,0,0
2021-03-02 00:00:00+11:00,0.6100000143051147,0.6200000047683716,0.5649999976158142,0.5799999833106995,826191,0,0
2021-03-03 00:00:00+11:00,0.574999988079071,0.625,0.5649999976158142,0.6100000143051147,406985,0,0
2021-03-04 00:00:00+11:00,0.6299999952316284,0.6299999952316284,0.6000000238418579,0.6050000190734863,204633,0,0
2021-03-05 00:00:00+11:00,0.6100000143051147,0.6100000143051147,0.5849999785423279,0.5950000286102295,298934,0,0
2021-03-08 00:00:00+11:00,0.6000000238418579,0.6000000238418579,0.5799999833106995,0.5799999833106995,592677,0,0
2021-03-09 00:00:00+11:00,0.6000000238418579,0.6000000238418579,0.5649999976158142,0.5649999976158142,185848,0,0
2021-03-10 00:00:00+11:00,0.5699999928474426,0.6000000238418579,0.5699999928474426,0.5950000286102295,324589,0,0
2021-03-11 00:00:00+11:00,0.6000000238418579,0.6000000238418579,0.5799999833106995,0.5899999737739563,271305,0,0
2021-03-12 00:00:00+11:00,0.5899999737739563,0.5950000286102295,0.5699999928474426,0.5899999737739563,1012272,0,0
2021-03-15 00:00:00+11:00,0.5899999737739563,0.5950000286102295,0.5724999904632568,0.574999988079071,445654,0,0
2021-03-16 00:00:00+11:00,0.5699999928474426,0.5699999928474426,0.5699999928474426,0.5699999928474426,222452,0,0
2021-03-17 00:00:00+11:00,0.5699999928474426,0.6050000190734863,0.5600000023841858,0.6000000238418579,538598,0,0
2021-03-18 00:00:00+11:00,0.6000000238418579,0.6100000143051147,0.6000000238418579,0.6100000143051147,152306,0,0
2021-03-19 00:00:00+11:00,0.6299999952316284,0.6800000071525574,0.6225000023841858,0.6800000071525574,1095788,0,0
2021-03-22 00:00:00+11:00,0.699999988079071,0.699999988079071,0.6549999713897705,0.6549999713897705,641144,0,0
2021-03-23 00:00:00+11:00,0.6700000166893005,0.6700000166893005,0.6399999856948853,0.6499999761581421,346318,0,0
2021-03-24 00:00:00+11:00,0.6600000262260437,0.699999988079071,0.6549999713897705,0.6899999976158142,862008,0,0
2021-03-25 00:00:00+11:00,0.6800000071525574,0.7099999785423279,0.6700000166893005,0.7099999785423279,526929,0,0
2021-03-26 00:00:00+11:00,0.7149999737739563,0.8500000238418579,0.7149999737739563,0.8199999928474426,1421384,0,0
2021-03-29 00:00:00+11:00,0.824999988079071,0.8299999833106995,0.7649999856948853,0.7649999856948853,801102,0,0
2021-03-30 00:00:00+11:00,0.7649999856948853,0.800000011920929,0.75,0.75,431000,0,0
2021-03-31 00:00:00+11:00,0.75,0.7699999809265137,0.7400000095367432,0.7649999856948853,86632,0,0
2021-04-01 00:00:00+11:00,0.7649999856948853,0.7900000214576721,0.7599999904632568,0.7799999713897705,342752,0,0
2021-04-06 00:00:00+10:00,0.7799999713897705,0.8100000023841858,0.7649999856948853,0.7850000262260437,615035,0,0
2021-04-07 00:00:00+10:00,0.7699999809265137,0.800000011920929,0.7699999809265137,0.800000011920929,294536,0,0
2021-04-08 00:00:00+10:00,0.8199999928474426,0.8700000047683716,0.8100000023841858,0.8299999833106995,1780942,0,0
2021-04-09 00:00:00+10:00,0.8349999785423279,0.8600000143051147,0.7599999904632568,0.7900000214576721,1769244,0,0
2021-04-12 00:00:00+10:00,0.8199999928474426,0.8349999785423279,0.800000011920929,0.800000011920929,410877,0,0
2021-04-13 00:00:00+10:00,0.8100000023841858,0.8999999761581421,0.800000011920929,0.8999999761581421,2031760,0,0
2021-04-14 00:00:00+10:00,0.8999999761581421,0.949999988079071,0.8949999809265137,0.925000011920929,1117335,0,0
2021-04-15 00:00:00+10:00,0.9200000166893005,0.9449999928474426,0.8700000047683716,0.8799999952316284,929696,0,0
2021-04-16 00:00:00+10:00,0.8700000047683716,0.875,0.8399999737739563,0.8500000238418579,411954,0,0
2021-04-19 00:00:00+10:00,0.8550000190734863,0.8799999952316284,0.824999988079071,0.824999988079071,481602,0,0
2021-04-20 00:00:00+10:00,0.8199999928474426,0.8550000190734863,0.8100000023841858,0.8550000190734863,285706,0,0
2021-04-21 00:00:00+10:00,0.8550000190734863,0.8550000190734863,0.8199999928474426,0.8500000238418579,213313,0,0
2021-04-22 00:00:00+10:00,0.8700000047683716,0.9350000023841858,0.8600000143051147,0.8799999952316284,974324,0,0
2021-04-23 00:00:00+10:00,0.8799999952316284,0.9300000071525574,0.8500000238418579,0.8500000238418579,1685500,0,0
2021-04-26 00:00:00+10:00,0.8600000143051147,0.8600000143051147,0.8399999737739563,0.8600000143051147,535458,0,0
2021-04-27 00:00:00+10:00,0.8700000047683716,0.8899999856948853,0.8650000095367432,0.875,340914,0,0
2021-04-28 00:00:00+10:00,0.8799999952316284,0.949999988079071,0.8799999952316284,0.9399999976158142,986425,0,0
2021-04-29 00:00:00+10:00,0.949999988079071,1.0449999570846558,0.9449999928474426,1.0399999618530273,1009132,0,0
2021-04-30 00:00:00+10:00,1.0499999523162842,1.1100000143051147,1.0399999618530273,1.100000023841858,963935,0,0
2021-05-03 00:00:00+10:00,1.090000033378601,1.1399999856948853,1.059999942779541,1.0800000429153442,982879,0,0
2021-05-04 00:00:00+10:00,1.0700000524520874,1.0700000524520874,0.9649999737739563,0.9649999737739563,667317,0,0
2021-05-05 00:00:00+10:00,0.9649999737739563,1.0149999856948853,0.9649999737739563,1.0,412007,0,0
2021-05-06 00:00:00+10:00,1.0099999904632568,1.0099999904632568,0.9700000286102295,0.9700000286102295,359772,0,0
2021-05-07 00:00:00+10:00,0.9800000190734863,0.9800000190734863,0.8899999856948853,0.9200000166893005,848686,0,0
2021-05-10 00:00:00+10:00,0.9200000166893005,0.9200000166893005,0.8399999737739563,0.8550000190734863,797789,0,0
2021-05-11 00:00:00+10:00,0.824999988079071,0.8299999833106995,0.8050000071525574,0.8199999928474426,568401,0,0
2021-05-12 00:00:00+10:00,0.8399999737739563,0.8399999737739563,0.7599999904632568,0.8299999833106995,2232056,0,0
2021-05-13 00:00:00+10:00,0.8199999928474426,0.8199999928474426,0.7599999904632568,0.7900000214576721,675049,0,0
2021-05-14 00:00:00+10:00,0.800000011920929,0.8650000095367432,0.7950000166893005,0.8650000095367432,441422,0,0
2021-05-17 00:00:00+10:00,0.8799999952316284,0.8899999856948853,0.8399999737739563,0.8399999737739563,309681,0,0
2021-05-18 00:00:00+10:00,0.8450000286102295,0.8500000238418579,0.8199999928474426,0.8500000238418579,101502,0,0
2021-05-19 00:00:00+10:00,0.8450000286102295,0.8450000286102295,0.800000011920929,0.8149999976158142,299936,0,0
2021-05-20 00:00:00+10:00,0.8450000286102295,0.8450000286102295,0.824999988079071,0.8399999737739563,67417,0,0
2021-05-21 00:00:00+10:00,0.8399999737739563,0.8500000238418579,0.7699999809265137,0.800000011920929,461046,0,0
2021-05-24 00:00:00+10:00,0.800000011920929,0.800000011920929,0.7649999856948853,0.7799999713897705,252854,0,0
2021-05-25 00:00:00+10:00,0.800000011920929,0.824999988079071,0.7649999856948853,0.7799999713897705,408468,0,0
2021-05-26 00:00:00+10:00,0.7950000166893005,0.800000011920929,0.7799999713897705,0.800000011920929,119729,0,0
2021-05-27 00:00:00+10:00,0.800000011920929,0.8199999928474426,0.7900000214576721,0.8149999976158142,125659,0,0
2021-05-28 00:00:00+10:00,0.8149999976158142,0.8199999928474426,0.7900000214576721,0.8100000023841858,326767,0,0
2021-05-31 00:00:00+10:00,0.8199999928474426,0.8675000071525574,0.8199999928474426,0.8550000190734863,459536,0,0
2021-06-01 00:00:00+10:00,0.875,0.9049999713897705,0.8550000190734863,0.8600000143051147,779765,0,0
2021-06-02 00:00:00+10:00,0.8600000143051147,0.875,0.8500000238418579,0.8700000047683716,169963,0,0
2021-06-03 00:00:00+10:00,0.8700000047683716,0.875,0.8450000286102295,0.8600000143051147,152679,0,0
2021-06-04 00:00:00+10:00,0.8600000143051147,0.8600000143051147,0.8224999904632568,0.8299999833106995,211456,0,0
2021-06-07 00:00:00+10:00,0.8399999737739563,0.8450000286102295,0.824999988079071,0.824999988079071,277169,0,0
2021-06-08 00:00:00+10:00,0.8349999785423279,0.8349999785423279,0.8100000023841858,0.8199999928474426,225411,0,0
2021-06-09 00:00:00+10:00,0.8199999928474426,0.8450000286102295,0.8149999976158142,0.8450000286102295,317010,0,0
2021-06-10 00:00:00+10:00,0.8500000238418579,0.8500000238418579,0.824999988079071,0.8299999833106995,379477,0,0
2021-06-11 00:00:00+10:00,0.8299999833106995,0.8450000286102295,0.8100000023841858,0.8100000023841858,199807,0,0
2021-06-15 00:00:00+10:00,0.8199999928474426,0.8199999928474426,0.7599999904632568,0.7599999904632568,406613,0,0
2021-06-16 00:00:00+10:00,0.7599999904632568,0.7599999904632568,0.7599999904632568,0.7599999904632568,0,0,0
2021-06-17 00:00:00+10:00,0.7599999904632568,0.7599999904632568,0.7599999904632568,0.7599999904632568,0,0,0
2021-06-18 00:00:00+10:00,0.7599999904632568,0.7900000214576721,0.7250000238418579,0.7799999713897705,1722255,0,0
2021-06-21 00:00:00+10:00,0.7699999809265137,0.7749999761581421,0.7400000095367432,0.7400000095367432,913114,0,0
2021-06-22 00:00:00+10:00,0.7450000047683716,0.7699999809265137,0.7450000047683716,0.7549999952316284,1420157,0,0
2021-06-23 00:00:00+10:00,0.7549999952316284,0.7549999952316284,0.7450000047683716,0.75,319026,0,0
2021-06-24 00:00:00+10:00,0.7450000047683716,0.7599999904632568,0.7425000071525574,0.7450000047683716,202571,0,0
2021-06-25 00:00:00+10:00,0.7400000095367432,0.7450000047683716,0.7200000286102295,0.7400000095367432,929118,0,0
2021-06-28 00:00:00+10:00,0.7300000190734863,0.75,0.7049999833106995,0.7099999785423279,969669,0,0
2021-06-29 00:00:00+10:00,0.7099999785423279,0.7099999785423279,0.6549999713897705,0.6800000071525574,1369979,0,0
2021-06-30 00:00:00+10:00,0.6800000071525574,0.6800000071525574,0.6600000262260437,0.675000011920929,1586328,0,0
2021-07-01 00:00:00+10:00,0.6600000262260437,0.7250000238418579,0.6549999713897705,0.6949999928474426,431880,0,0
2021-07-02 00:00:00+10:00,0.699999988079071,0.7200000286102295,0.6499999761581421,0.6700000166893005,408853,0,0
2021-07-05 00:00:00+10:00,0.6700000166893005,0.6700000166893005,0.6299999952316284,0.6650000214576721,446017,0,0
2021-07-06 00:00:00+10:00,0.6700000166893005,0.6725000143051147,0.6600000262260437,0.6650000214576721,387876,0,0
2021-07-07 00:00:00+10:00,0.6600000262260437,0.6650000214576721,0.6349999904632568,0.6349999904632568,500529,0,0
2021-07-08 00:00:00+10:00,0.6349999904632568,0.6700000166893005,0.6349999904632568,0.6349999904632568,1076333,0,0
2021-07-09 00:00:00+10:00,0.6449999809265137,0.6449999809265137,0.6200000047683716,0.625,812116,0,0
2021-07-12 00:00:00+10:00,0.6200000047683716,0.625,0.6100000143051147,0.6100000143051147,199998,0,0
2021-07-13 00:00:00+10:00,0.6100000143051147,0.6549999713897705,0.6100000143051147,0.6399999856948853,2672036,0,0
2021-07-14 00:00:00+10:00,0.6449999809265137,0.6700000166893005,0.6399999856948853,0.6600000262260437,259108,0,0
2021-07-15 00:00:00+10:00,0.6700000166893005,0.6899999976158142,0.6299999952316284,0.6399999856948853,769319,0,0
2021-07-16 00:00:00+10:00,0.6399999856948853,0.6399999856948853,0.6200000047683716,0.625,168360,0,0
2021-07-19 00:00:00+10:00,0.6299999952316284,0.6299999952316284,0.6050000190734863,0.6100000143051147,421375,0,0
2021-07-20 00:00:00+10:00,0.6100000143051147,0.6100000143051147,0.5849999785423279,0.5950000286102295,747336,0,0
2021-07-21 00:00:00+10:00,0.5950000286102295,0.6025000214576721,0.5899999737739563,0.5950000286102295,674285,0,0
2021-07-22 00:00:00+10:00,0.6000000238418579,0.6200000047683716,0.6000000238418579,0.6000000238418579,490020,0,0
2021-07-23 00:00:00+10:00,0.6000000238418579,0.625,0.574999988079071,0.5899999737739563,592885,0,0
2021-07-26 00:00:00+10:00,0.5899999737739563,0.6100000143051147,0.5849999785423279,0.5849999785423279,320600,0,0
2021-07-27 00:00:00+10:00,0.5899999737739563,0.5950000286102295,0.5400000214576721,0.5400000214576721,1105755,0,0
2021-07-28 00:00:00+10:00,0.5400000214576721,0.5849999785423279,0.5299999713897705,0.5699999928474426,539170,0,0
2021-07-29 00:00:00+10:00,0.5849999785423279,0.6000000238418579,0.5350000262260437,0.5400000214576721,899511,0,0
2021-07-30 00:00:00+10:00,0.5550000071525574,0.6000000238418579,0.550000011920929,0.5849999785423279,1212953,0,0
2021-08-02 00:00:00+10:00,0.5899999737739563,0.6299999952316284,0.5849999785423279,0.6050000190734863,1032169,0,0
2021-08-03 00:00:00+10:00,0.6000000238418579,0.6100000143051147,0.5899999737739563,0.6050000190734863,2413371,0,0
2021-08-04 00:00:00+10:00,0.6000000238418579,0.6200000047683716,0.5899999737739563,0.6000000238418579,1750652,0,0
2021-08-05 00:00:00+10:00,0.6050000190734863,0.6299999952316284,0.5950000286102295,0.6100000143051147,3111223,0,0
2021-08-06 00:00:00+10:00,0.6150000095367432,0.675000011920929,0.6150000095367432,0.6600000262260437,1265289,0,0
2021-08-09 00:00:00+10:00,0.6650000214576721,0.6899999976158142,0.6449999809265137,0.6499999761581421,607172,0,0
2021-08-10 00:00:00+10:00,0.6499999761581421,0.6600000262260437,0.6399999856948853,0.6399999856948853,411625,0,0
2021-08-11 00:00:00+10:00,0.6499999761581421,0.6499999761581421,0.6200000047683716,0.6349999904632568,506525,0,0
2021-08-12 00:00:00+10:00,0.6349999904632568,0.6899999976158142,0.6349999904632568,0.6700000166893005,1013929,0,0
2021-08-13 00:00:00+10:00,0.6800000071525574,0.7149999737739563,0.6700000166893005,0.6700000166893005,899447,0,0
2021-08-16 00:00:00+10:00,0.675000011920929,0.6800000071525574,0.6650000214576721,0.675000011920929,704708,0,0
2021-08-17 00:00:00+10:00,0.675000011920929,0.675000011920929,0.6399999856948853,0.6449999809265137,886328,0,0
2021-08-18 00:00:00+10:00,0.6449999809265137,0.6700000166893005,0.6449999809265137,0.6700000166893005,168618,0,0
2021-08-19 00:00:00+10:00,0.675000011920929,0.675000011920929,0.6499999761581421,0.6600000262260437,157260,0,0
2021-08-20 00:00:00+10:00,0.6600000262260437,0.6600000262260437,0.6299999952316284,0.6349999904632568,150751,0,0
2021-08-23 00:00:00+10:00,0.6399999856948853,0.6449999809265137,0.6299999952316284,0.6349999904632568,569353,0,0
2021-08-24 00:00:00+10:00,0.6349999904632568,0.6499999761581421,0.625,0.6399999856948853,397871,0,0
2021-08-25 00:00:00+10:00,0.6349999904632568,0.6700000166893005,0.6349999904632568,0.6650000214576721,803934,0,0
2021-08-26 00:00:00+10:00,0.6800000071525574,0.6800000071525574,0.6100000143051147,0.6349999904632568,541993,0,0
2021-08-27 00:00:00+10:00,0.6299999952316284,0.6299999952316284,0.5849999785423279,0.6000000238418579,1074488,0,0
2021-08-30 00:00:00+10:00,0.5899999737739563,0.6000000238418579,0.574999988079071,0.5849999785423279,526298,0,0
2021-08-31 00:00:00+10:00,0.5849999785423279,0.5849999785423279,0.5450000166893005,0.5550000071525574,826703,0,0
2021-09-01 00:00:00+10:00,0.5600000023841858,0.5799999833106995,0.5600000023841858,0.574999988079071,216161,0,0
2021-09-02 00:00:00+10:00,0.5849999785423279,0.5899999737739563,0.574999988079071,0.5849999785423279,559716,0,0
2021-09-03 00:00:00+10:00,0.5849999785423279,0.6200000047683716,0.5849999785423279,0.6050000190734863,516982,0,0
2021-09-06 00:00:00+10:00,0.6200000047683716,0.625,0.5975000262260437,0.6150000095367432,506822,0,0
2021-09-07 00:00:00+10:00,0.6150000095367432,0.6150000095367432,0.5950000286102295,0.6050000190734863,424780,0,0
2021-09-08 00:00:00+10:00,0.6200000047683716,0.6200000047683716,0.6050000190734863,0.6050000190734863,273637,0,0
2021-09-09 00:00:00+10:00,0.6050000190734863,0.675000011920929,0.6050000190734863,0.6549999713897705,1065430,0,0
2021-09-10 00:00:00+10:00,0.6600000262260437,0.6850000023841858,0.6549999713897705,0.6800000071525574,1203370,0,0
2021-09-13 00:00:00+10:00,0.6850000023841858,0.6899999976158142,0.675000011920929,0.6850000023841858,664430,0,0
2021-09-14 00:00:00+10:00,0.6800000071525574,0.6800000071525574,0.6499999761581421,0.675000011920929,556925,0,0
2021-09-15 00:00:00+10:00,0.675000011920929,0.675000011920929,0.6399999856948853,0.6549999713897705,343555,0,0
2021-09-16 00:00:00+10:00,0.6449999809265137,0.6600000262260437,0.6449999809265137,0.6549999713897705,352572,0,0
2021-09-17 00:00:00+10:00,0.6600000262260437,0.7250000238418579,0.6600000262260437,0.7149999737739563,2287256,0,0
2021-09-20 00:00:00+10:00,0.7149999737739563,0.75,0.699999988079071,0.7300000190734863,1899117,0,0
2021-09-21 00:00:00+10:00,0.7099999785423279,0.7149999737739563,0.6850000023841858,0.7099999785423279,750065,0,0
2021-09-22 00:00:00+10:00,0.699999988079071,0.699999988079071,0.6549999713897705,0.6800000071525574,585563,0,0
2021-09-23 00:00:00+10:00,0.675000011920929,0.7099999785423279,0.675000011920929,0.7049999833106995,567984,0,0
2021-09-24 00:00:00+10:00,0.7099999785423279,0.7200000286102295,0.6800000071525574,0.6800000071525574,469221,0,0
2021-09-27 00:00:00+10:00,0.699999988079071,0.699999988079071,0.6800000071525574,0.6899999976158142,332423,0,0
2021-09-28 00:00:00+10:00,0.6949999928474426,0.6949999928474426,0.6700000166893005,0.6700000166893005,260365,0,0
2021-09-29 00:00:00+10:00,0.6800000071525574,0.6800000071525574,0.6299999952316284,0.6549999713897705,695602,0,0
2021-09-30 00:00:00+10:00,0.6399999856948853,0.6700000166893005,0.6399999856948853,0.6700000166893005,326375,0,0
2021-10-01 00:00:00+10:00,0.6600000262260437,0.6600000262260437,0.6399999856948853,0.6549999713897705,141944,0,0
2021-10-04 00:00:00+11:00,0.6449999809265137,0.6549999713897705,0.6299999952316284,0.6349999904632568,106738,0,0
2021-10-05 00:00:00+11:00,0.6474999785423279,0.6474999785423279,0.6150000095367432,0.625,395274,0,0
2021-10-06 00:00:00+11:00,0.6499999761581421,0.6499999761581421,0.6299999952316284,0.6299999952316284,167026,0,0
2021-10-07 00:00:00+11:00,0.6499999761581421,0.6499999761581421,0.625,0.6299999952316284,168604,0,0
2021-10-08 00:00:00+11:00,0.6299999952316284,0.6449999809265137,0.625,0.6299999952316284,377892,0,0
2021-10-11 00:00:00+11:00,0.6399999856948853,0.6399999856948853,0.6050000190734863,0.6200000047683716,316474,0,0
2021-10-12 00:00:00+11:00,0.6349999904632568,0.6349999904632568,0.6050000190734863,0.6150000095367432,627561,0,0
2021-10-13 00:00:00+11:00,0.6200000047683716,0.6600000262260437,0.6200000047683716,0.6600000262260437,386082,0,0
2021-10-14 00:00:00+11:00,0.6600000262260437,0.675000011920929,0.6499999761581421,0.675000011920929,593950,0,0
2021-10-15 00:00:00+11:00,0.6700000166893005,0.6800000071525574,0.6650000214576721,0.6800000071525574,273630,0,0
2021-10-18 00:00:00+11:00,0.6850000023841858,0.7049999833106995,0.6700000166893005,0.6949999928474426,573429,0,0
2021-10-19 00:00:00+11:00,0.699999988079071,0.7400000095367432,0.699999988079071,0.7200000286102295,1410433,0,0
2021-10-20 00:00:00+11:00,0.7400000095367432,0.7549999952316284,0.6800000071525574,0.6800000071525574,1331928,0,0
2021-10-21 00:00:00+11:00,0.699999988079071,0.699999988079071,0.6800000071525574,0.6850000023841858,808641,0,0
2021-10-22 00:00:00+11:00,0.699999988079071,0.7250000238418579,0.6800000071525574,0.6899999976158142,664660,0,0
2021-10-25 00:00:00+11:00,0.6899999976158142,0.699999988079071,0.6650000214576721,0.6800000071525574,586876,0,0
2021-10-26 00:00:00+11:00,0.6850000023841858,0.6899999976158142,0.6650000214576721,0.6700000166893005,577080,0,0
2021-10-27 00:00:00+11:00,0.6899999976158142,0.6899999976158142,0.6650000214576721,0.675000011920929,761948,0,0
2021-10-28 00:00:00+11:00,0.6700000166893005,0.6850000023841858,0.6650000214576721,0.6700000166893005,332443,0,0
2021-10-29 00:00:00+11:00,0.6700000166893005,0.6899999976158142,0.6700000166893005,0.6700000166893005,443863,0,0
2021-11-01 00:00:00+11:00,0.6700000166893005,0.6949999928474426,0.6650000214576721,0.6899999976158142,281992,0,0
2021-11-02 00:00:00+11:00,0.6899999976158142,0.699999988079071,0.675000011920929,0.699999988079071,250449,0,0
2021-11-03 00:00:00+11:00,0.699999988079071,0.7099999785423279,0.6850000023841858,0.6949999928474426,611194,0,0
2021-11-04 00:00:00+11:00,0.6949999928474426,0.7350000143051147,0.6899999976158142,0.7049999833106995,638530,0,0
2021-11-05 00:00:00+11:00,0.7049999833106995,0.7099999785423279,0.6850000023841858,0.6949999928474426,546252,0,0
2021-11-08 00:00:00+11:00,0.6899999976158142,0.7049999833106995,0.6850000023841858,0.6949999928474426,458193,0,0
2021-11-09 00:00:00+11:00,0.6949999928474426,0.7099999785423279,0.6899999976158142,0.7099999785423279,539479,0,0
2021-11-10 00:00:00+11:00,0.7099999785423279,0.7099999785423279,0.6949999928474426,0.699999988079071,313311,0,0
2021-11-11 00:00:00+11:00,0.6949999928474426,0.6949999928474426,0.6850000023841858,0.6899999976158142,313939,0,0
2021-11-12 00:00:00+11:00,0.6949999928474426,0.6949999928474426,0.6850000023841858,0.6949999928474426,302574,0,0
2021-11-15 00:00:00+11:00,0.699999988079071,0.7099999785423279,0.6949999928474426,0.7099999785423279,670314,0,0
2021-11-16 00:00:00+11:00,0.699999988079071,0.699999988079071,0.6850000023841858,0.699999988079071,400078,0,0
2021-11-17 00:00:00+11:00,0.6899999976158142,0.6899999976158142,0.6700000166893005,0.6700000166893005,238033,0,0
2021-11-18 00:00:00+11:00,0.675000011920929,0.6850000023841858,0.6499999761581421,0.6499999761581421,300854,0,0
2021-11-19 00:00:00+11:00,0.6499999761581421,0.6499999761581421,0.6274999976158142,0.6449999809265137,361180,0,0
2021-11-22 00:00:00+11:00,0.6499999761581421,0.6499999761581421,0.637499988079071,0.6399999856948853,211708,0,0
2021-11-23 00:00:00+11:00,0.6499999761581421,0.6650000214576721,0.6399999856948853,0.6499999761581421,501487,0,0
2021-11-24 00:00:00+11:00,0.6700000166893005,0.675000011920929,0.6449999809265137,0.6499999761581421,424128,0,0
2021-11-25 00:00:00+11:00,0.6499999761581421,0.6499999761581421,0.6225000023841858,0.6299999952316284,416732,0,0
2021-11-26 00:00:00+11:00,0.6299999952316284,0.6299999952316284,0.6050000190734863,0.6200000047683716,661036,0,0
2021-11-29 00:00:00+11:00,0.6000000238418579,0.6150000095367432,0.6000000238418579,0.6150000095367432,403401,0,0
2021-11-30 00:00:00+11:00,0.6150000095367432,0.6150000095367432,0.6050000190734863,0.6075000166893005,243047,0,0
2021-12-01 00:00:00+11:00,0.6050000190734863,0.6075000166893005,0.5799999833106995,0.5950000286102295,278587,0,0
2021-12-02 00:00:00+11:00,0.5950000286102295,0.5950000286102295,0.5600000023841858,0.5799999833106995,635973,0,0
2021-12-03 00:00:00+11:00,0.5899999737739563,0.6000000238418579,0.550000011920929,0.5600000023841858,839752,0,0
2021-12-06 00:00:00+11:00,0.5550000071525574,0.5550000071525574,0.5350000262260437,0.5400000214576721,457371,0,0
2021-12-07 00:00:00+11:00,0.5450000166893005,0.5699999928474426,0.5299999713897705,0.5699999928474426,354688,0,0
2021-12-08 00:00:00+11:00,0.5699999928474426,0.5699999928474426,0.5400000214576721,0.550000011920929,660073,0,0
2021-12-09 00:00:00+11:00,0.5450000166893005,0.550000011920929,0.5299999713897705,0.5400000214576721,632309,0,0
2021-12-10 00:00:00+11:00,0.550000011920929,0.550000011920929,0.5199999809265137,0.5400000214576721,470299,0,0
2021-12-13 00:00:00+11:00,0.5400000214576721,0.5600000023841858,0.5199999809265137,0.5299999713897705,411504,0,0
2021-12-14 00:00:00+11:00,0.5299999713897705,0.5299999713897705,0.5199999809265137,0.5199999809265137,117672,0,0
2021-12-15 00:00:00+11:00,0.5299999713897705,0.5299999713897705,0.5,0.5,325567,0,0
2021-12-16 00:00:00+11:00,0.5099999904632568,0.5199999809265137,0.5,0.5199999809265137,105796,0,0
2021-12-17 00:00:00+11:00,0.5199999809265137,0.5299999713897705,0.48500001430511475,0.5049999952316284,730546,0,0
2021-12-20 00:00:00+11:00,0.5199999809265137,0.5199999809265137,0.47999998927116394,0.49000000953674316,314080,0,0
2021-12-21 00:00:00+11:00,0.4950000047683716,0.5049999952316284,0.49000000953674316,0.4950000047683716,501797,0,0
2021-12-22 00:00:00+11:00,0.4950000047683716,0.5199999809265137,0.49000000953674316,0.5199999809265137,249058,0,0
2021-12-23 00:00:00+11:00,0.5199999809265137,0.5249999761581421,0.5,0.5249999761581421,452699,0,0
2021-12-24 00:00:00+11:00,0.5249999761581421,0.5299999713897705,0.5199999809265137,0.5299999713897705,55546,0,0
2021-12-29 00:00:00+11:00,0.5299999713897705,0.550000011920929,0.5299999713897705,0.5400000214576721,124416,0,0
2021-12-30 00:00:00+11:00,0.5400000214576721,0.5400000214576721,0.5400000214576721,0.5400000214576721,20570,0,0
2021-12-31 00:00:00+11:00,0.5699999928474426,0.5699999928474426,0.5299999713897705,0.5299999713897705,59073,0,0
2022-01-04 00:00:00+11:00,0.5400000214576721,0.5699999928474426,0.5350000262260437,0.5699999928474426,177369,0,0
2022-01-05 00:00:00+11:00,0.5849999785423279,0.5849999785423279,0.5600000023841858,0.5649999976158142,293288,0,0
2022-01-06 00:00:00+11:00,0.5649999976158142,0.5649999976158142,0.5299999713897705,0.5299999713897705,217192,0,0
2022-01-07 00:00:00+11:00,0.5350000262260437,0.5350000262260437,0.5199999809265137,0.5350000262260437,309000,0,0
2022-01-10 00:00:00+11:00,0.5249999761581421,0.5299999713897705,0.5199999809265137,0.5224999785423279,173432,0,0
2022-01-11 00:00:00+11:00,0.5199999809265137,0.5199999809265137,0.5,0.5149999856948853,202956,0,0
2022-01-12 00:00:00+11:00,0.5149999856948853,0.5350000262260437,0.4950000047683716,0.5,398180,0,0
2022-01-13 00:00:00+11:00,0.5099999904632568,0.5199999809265137,0.49000000953674316,0.5,3765987,0,0
2022-01-14 00:00:00+11:00,0.5149999856948853,0.5149999856948853,0.49000000953674316,0.4950000047683716,537310,0,0
2022-01-17 00:00:00+11:00,0.5,0.5099999904632568,0.49000000953674316,0.5,475144,0,0
2022-01-18 00:00:00+11:00,0.5,0.5,0.49000000953674316,0.4950000047683716,273049,0,0
2022-01-19 00:00:00+11:00,0.4950000047683716,0.5,0.48500001430511475,0.5,289254,0,0
2022-01-20 00:00:00+11:00,0.5,0.5,0.48500001430511475,0.49000000953674316,271662,0,0
2022-01-21 00:00:00+11:00,0.49000000953674316,0.49000000953674316,0.45500001311302185,0.4699999988079071,865482,0,0
2022-01-24 00:00:00+11:00,0.4699999988079071,0.4699999988079071,0.4424999952316284,0.4449999928474426,611054,0,0
2022-01-25 00:00:00+11:00,0.4449999928474426,0.45500001311302185,0.39500001072883606,0.4000000059604645,1365774,0,0
2022-01-27 00:00:00+11:00,0.41499999165534973,0.41999998688697815,0.38499999046325684,0.38999998569488525,1452887,0,0
2022-01-28 00:00:00+11:00,0.38499999046325684,0.4099999964237213,0.35749998688697815,0.38999998569488525,1643164,0,0
2022-01-31 00:00:00+11:00,0.38999998569488525,0.4099999964237213,0.38499999046325684,0.38999998569488525,636175,0,0
2022-02-01 00:00:00+11:00,0.39500001072883606,0.41499999165534973,0.38999998569488525,0.39500001072883606,694445,0,0
2022-02-02 00:00:00+11:00,0.4000000059604645,0.41999998688697815,0.39500001072883606,0.41999998688697815,6938018,0,0
2022-02-03 00:00:00+11:00,0.42500001192092896,0.4449999928474426,0.4099999964237213,0.4099999964237213,312959,0,0
2022-02-04 00:00:00+11:00,0.41999998688697815,0.41999998688697815,0.39500001072883606,0.4000000059604645,586300,0,0
2022-02-07 00:00:00+11:00,0.4099999964237213,0.41499999165534973,0.4000000059604645,0.4099999964237213,76604,0,0
2022-02-08 00:00:00+11:00,0.4399999976158142,0.5,0.42500001192092896,0.5,980401,0,0
2022-02-09 00:00:00+11:00,0.48500001430511475,0.5249999761581421,0.44999998807907104,0.45500001311302185,955130,0,0
2022-02-10 00:00:00+11:00,0.45500001311302185,0.4749999940395355,0.45500001311302185,0.4699999988079071,445495,0,0
2022-02-11 00:00:00+11:00,0.45500001311302185,0.4650000035762787,0.4399999976158142,0.45500001311302185,200363,0,0
2022-02-14 00:00:00+11:00,0.44999998807907104,0.45500001311302185,0.4449999928474426,0.44999998807907104,202337,0,0
2022-02-15 00:00:00+11:00,0.44999998807907104,0.46000000834465027,0.4449999928474426,0.46000000834465027,151127,0,0
2022-02-16 00:00:00+11:00,0.46000000834465027,0.46000000834465027,0.4399999976158142,0.4449999928474426,197132,0,0
2022-02-17 00:00:00+11:00,0.44999998807907104,0.46000000834465027,0.4350000023841858,0.4449999928474426,183523,0,0
2022-02-18 00:00:00+11:00,0.44999998807907104,0.45500001311302185,0.4375,0.45500001311302185,158447,0,0
2022-02-21 00:00:00+11:00,0.45500001311302185,0.46000000834465027,0.4350000023841858,0.44999998807907104,240879,0,0
2022-02-22 00:00:00+11:00,0.4449999928474426,0.4449999928474426,0.41999998688697815,0.41999998688697815,225137,0,0
2022-02-23 00:00:00+11:00,0.41999998688697815,0.4399999976158142,0.41999998688697815,0.4399999976158142,179990,0,0
2022-02-24 00:00:00+11:00,0.4399999976158142,0.44999998807907104,0.41499999165534973,0.4300000071525574,314516,0,0
2022-02-25 00:00:00+11:00,0.41999998688697815,0.4300000071525574,0.41499999165534973,0.4300000071525574,198198,0,0
2022-02-28 00:00:00+11:00,0.4300000071525574,0.4399999976158142,0.42500001192092896,0.42500001192092896,184238,0,0
2022-03-01 00:00:00+11:00,0.4300000071525574,0.4449999928474426,0.42500001192092896,0.4449999928474426,220589,0,0
2022-03-02 00:00:00+11:00,0.4399999976158142,0.45249998569488525,0.4399999976158142,0.44999998807907104,172753,0,0
2022-03-03 00:00:00+11:00,0.44999998807907104,0.44999998807907104,0.4399999976158142,0.4399999976158142,182330,0,0
2022-03-04 00:00:00+11:00,0.44999998807907104,0.44999998807907104,0.4300000071525574,0.4300000071525574,406945,0,0
2022-03-07 00:00:00+11:00,0.44999998807907104,0.44999998807907104,0.42500001192092896,0.42500001192092896,62583,0,0
2022-03-08 00:00:00+11:00,0.42500001192092896,0.4300000071525574,0.42500001192092896,0.4300000071525574,81601,0,0
2022-03-09 00:00:00+11:00,0.44999998807907104,0.44999998807907104,0.4300000071525574,0.4300000071525574,115643,0,0
2022-03-10 00:00:00+11:00,0.4300000071525574,0.4350000023841858,0.41499999165534973,0.4300000071525574,404717,0,0
2022-03-11 00:00:00+11:00,0.41999998688697815,0.44999998807907104,0.4000000059604645,0.44999998807907104,397151,0,0
2022-03-14 00:00:00+11:00,0.44999998807907104,0.44999998807907104,0.4099999964237213,0.42500001192092896,398291,0,0
2022-03-15 00:00:00+11:00,0.42500001192092896,0.42500001192092896,0.4099999964237213,0.4099999964237213,151822,0,0
2022-03-16 00:00:00+11:00,0.41999998688697815,0.41999998688697815,0.4099999964237213,0.41999998688697815,73028,0,0
2022-03-17 00:00:00+11:00,0.41999998688697815,0.42500001192092896,0.41499999165534973,0.42500001192092896,55557,0,0
2022-03-18 00:00:00+11:00,0.42500001192092896,0.42500001192092896,0.4099999964237213,0.4099999964237213,31914,0,0
2022-03-21 00:00:00+11:00,0.41999998688697815,0.42500001192092896,0.41499999165534973,0.41499999165534973,289920,0,0
2022-03-22 00:00:00+11:00,0.41499999165534973,0.41999998688697815,0.4050000011920929,0.4099999964237213,403615,0,0
2022-03-23 00:00:00+11:00,0.41499999165534973,0.41499999165534973,0.4000000059604645,0.4050000011920929,241675,0,0
2022-03-24 00:00:00+11:00,0.4050000011920929,0.41999998688697815,0.4050000011920929,0.41999998688697815,179659,0,0
2022-03-25 00:00:00+11:00,0.4099999964237213,0.41999998688697815,0.4050000011920929,0.41999998688697815,139287,0,0
2022-03-28 00:00:00+11:00,0.4099999964237213,0.41499999165534973,0.4050000011920929,0.4050000011920929,88382,0,0
2022-03-29 00:00:00+11:00,0.41999998688697815,0.41999998688697815,0.4050000011920929,0.41499999165534973,156717,0,0
2022-03-30 00:00:00+11:00,0.41999998688697815,0.41999998688697815,0.4050000011920929,0.4099999964237213,114701,0,0
2022-03-31 00:00:00+11:00,0.4099999964237213,0.41999998688697815,0.4000000059604645,0.41999998688697815,47952,0,0
2022-04-01 00:00:00+11:00,0.41999998688697815,0.41999998688697815,0.4000000059604645,0.41999998688697815,435285,0,0
2022-04-04 00:00:00+10:00,0.4099999964237213,0.4099999964237213,0.38999998569488525,0.39500001072883606,240929,0,0
2022-04-05 00:00:00+10:00,0.39500001072883606,0.4000000059604645,0.39500001072883606,0.39500001072883606,121952,0,0
2022-04-06 00:00:00+10:00,0.39500001072883606,0.4000000059604645,0.38999998569488525,0.38999998569488525,194159,0,0
2022-04-07 00:00:00+10:00,0.38999998569488525,0.39500001072883606,0.3799999952316284,0.3799999952316284,395566,0,0
2022-04-08 00:00:00+10:00,0.38999998569488525,0.39500001072883606,0.3824999928474426,0.38999998569488525,141760,0,0
2022-04-11 00:00:00+10:00,0.38999998569488525,0.38999998569488525,0.36500000953674316,0.3700000047683716,591856,0,0
2022-04-12 00:00:00+10:00,0.375,0.375,0.36000001430511475,0.36000001430511475,112166,0,0
2022-04-13 00:00:00+10:00,0.36500000953674316,0.3700000047683716,0.36000001430511475,0.3700000047683716,51632,0,0
2022-04-14 00:00:00+10:00,0.36500000953674316,0.3700000047683716,0.36000001430511475,0.36000001430511475,191238,0,0
2022-04-19 00:00:00+10:00,0.36500000953674316,0.375,0.36000001430511475,0.36500000953674316,110054,0,0
2022-04-20 00:00:00+10:00,0.3700000047683716,0.3700000047683716,0.36000001430511475,0.36500000953674316,265778,0,0
2022-04-21 00:00:00+10:00,0.36500000953674316,0.36500000953674316,0.3499999940395355,0.35499998927116394,312306,0,0
2022-04-22 00:00:00+10:00,0.36000001430511475,0.36000001430511475,0.3425000011920929,0.3499999940395355,526830,0,0
2022-04-26 00:00:00+10:00,0.3499999940395355,0.36000001430511475,0.3499999940395355,0.3499999940395355,250581,0,0
2022-04-27 00:00:00+10:00,0.3449999988079071,0.35249999165534973,0.3449999988079071,0.3449999988079071,139613,0,0
2022-04-28 00:00:00+10:00,0.3449999988079071,0.3499999940395355,0.32499998807907104,0.3499999940395355,188446,0,0
2022-04-29 00:00:00+10:00,0.36000001430511475,0.3700000047683716,0.35499998927116394,0.36500000953674316,105385,0,0
2022-05-02 00:00:00+10:00,0.36500000953674316,0.375,0.3449999988079071,0.3449999988079071,132817,0,0
2022-05-03 00:00:00+10:00,0.3449999988079071,0.3449999988079071,0.33500000834465027,0.3400000035762787,102099,0,0
2022-05-04 00:00:00+10:00,0.3400000035762787,0.3400000035762787,0.3100000023841858,0.3199999928474426,315651,0,0
2022-05-05 00:00:00+10:00,0.3199999928474426,0.3199999928474426,0.3100000023841858,0.3100000023841858,148650,0,0
2022-05-06 00:00:00+10:00,0.3100000023841858,0.3100000023841858,0.30000001192092896,0.30000001192092896,234952,0,0
2022-05-09 00:00:00+10:00,0.30000001192092896,0.32499998807907104,0.2849999964237213,0.32499998807907104,256063,0,0
2022-05-10 00:00:00+10:00,0.3050000071525574,0.33000001311302185,0.29499998688697815,0.3050000071525574,110424,0,0
2022-05-11 00:00:00+10:00,0.3100000023841858,0.3100000023841858,0.30000001192092896,0.30000001192092896,167714,0,0
2022-05-12 00:00:00+10:00,0.30000001192092896,0.30000001192092896,0.28999999165534973,0.28999999165534973,177695,0,0
2022-05-13 00:00:00+10:00,0.28999999165534973,0.29499998688697815,0.2800000011920929,0.29499998688697815,246721,0,0
2022-05-16 00:00:00+10:00,0.30000001192092896,0.30000001192092896,0.2849999964237213,0.2849999964237213,183584,0,0
2022-05-17 00:00:00+10:00,0.28999999165534973,0.29499998688697815,0.2800000011920929,0.2849999964237213,393308,0,0
2022-05-18 00:00:00+10:00,0.2800000011920929,0.2849999964237213,0.2750000059604645,0.2750000059604645,259405,0,0
2022-05-19 00:00:00+10:00,0.2750000059604645,0.29499998688697815,0.2549999952316284,0.25999999046325684,445058,0,0
2022-05-20 00:00:00+10:00,0.27000001072883606,0.2750000059604645,0.25999999046325684,0.26499998569488525,91032,0,0
2022-05-23 00:00:00+10:00,0.2800000011920929,0.2849999964237213,0.27000001072883606,0.27000001072883606,149851,0,0
2022-05-24 00:00:00+10:00,0.2800000011920929,0.2800000011920929,0.26499998569488525,0.26499998569488525,121661,0,0
2022-05-25 00:00:00+10:00,0.2750000059604645,0.2750000059604645,0.26499998569488525,0.26499998569488525,333168,0,0
2022-05-26 00:00:00+10:00,0.25999999046325684,0.2750000059604645,0.25999999046325684,0.26499998569488525,160471,0,0
2022-05-27 00:00:00+10:00,0.2750000059604645,0.29499998688697815,0.2750000059604645,0.2849999964237213,227918,0,0
2022-05-30 00:00:00+10:00,0.30000001192092896,0.33000001311302185,0.30000001192092896,0.3149999976158142,128570,0,0
2022-05-31 00:00:00+10:00,0.30000001192092896,0.3449999988079071,0.30000001192092896,0.3449999988079071,257623,0,0
2022-06-01 00:00:00+10:00,0.3449999988079071,0.38999998569488525,0.3400000035762787,0.3700000047683716,220116,0,0
2022-06-02 00:00:00+10:00,0.3700000047683716,0.3700000047683716,0.3499999940395355,0.3499999940395355,185509,0,0
2022-06-03 00:00:00+10:00,0.3499999940395355,0.36500000953674316,0.3400000035762787,0.3449999988079071,207832,0,0
2022-06-06 00:00:00+10:00,0.3449999988079071,0.3449999988079071,0.33000001311302185,0.33500000834465027,261100,0,0
2022-06-07 00:00:00+10:00,0.33500000834465027,0.33500000834465027,0.3199999928474426,0.3199999928474426,193760,0,0
2022-06-08 00:00:00+10:00,0.3199999928474426,0.32499998807907104,0.2849999964237213,0.30000001192092896,417444,0,0
2022-06-09 00:00:00+10:00,0.30000001192092896,0.3100000023841858,0.28999999165534973,0.29499998688697815,249058,0,0
2022-06-10 00:00:00+10:00,0.30000001192092896,0.30000001192092896,0.29499998688697815,0.29499998688697815,153943,0,0
2022-06-14 00:00:00+10:00,0.2849999964237213,0.29499998688697815,0.27000001072883606,0.27000001072883606,579641,0,0
2022-06-15 00:00:00+10:00,0.27000001072883606,0.3050000071525574,0.27000001072883606,0.27000001072883606,231838,0,0
2022-06-16 00:00:00+10:00,0.27000001072883606,0.29499998688697815,0.27000001072883606,0.2750000059604645,116531,0,0
2022-06-17 00:00:00+10:00,0.2750000059604645,0.2750000059604645,0.26499998569488525,0.26499998569488525,233348,0,0
2022-06-20 00:00:00+10:00,0.27000001072883606,0.27000001072883606,0.25,0.25,197553,0,0
2022-06-21 00:00:00+10:00,0.25999999046325684,0.2750000059604645,0.2549999952316284,0.2750000059604645,60276,0,0
2022-06-22 00:00:00+10:00,0.2750000059604645,0.2750000059604645,0.23999999463558197,0.2750000059604645,378567,0,0
2022-06-23 00:00:00+10:00,0.2750000059604645,0.2849999964237213,0.25,0.25,442519,0,0
2022-06-24 00:00:00+10:00,0.26499998569488525,0.2800000011920929,0.26499998569488525,0.26499998569488525,512871,0,0
2022-06-27 00:00:00+10:00,0.26499998569488525,0.2800000011920929,0.26499998569488525,0.27000001072883606,172594,0,0
2022-06-28 00:00:00+10:00,0.27000001072883606,0.2849999964237213,0.27000001072883606,0.2800000011920929,377795,0,0
2022-06-29 00:00:00+10:00,0.2750000059604645,0.2800000011920929,0.2750000059604645,0.2750000059604645,94915,0,0
2022-06-30 00:00:00+10:00,0.2750000059604645,0.28999999165534973,0.27000001072883606,0.27000001072883606,256486,0,0
2022-07-01 00:00:00+10:00,0.27000001072883606,0.3199999928474426,0.27000001072883606,0.3100000023841858,169634,0,0
2022-07-04 00:00:00+10:00,0.3400000035762787,0.36000001430511475,0.3199999928474426,0.3400000035762787,195094,0,0
2022-07-05 00:00:00+10:00,0.3449999988079071,0.3499999940395355,0.3199999928474426,0.33000001311302185,234423,0,0
2022-07-06 00:00:00+10:00,0.33000001311302185,0.33000001311302185,0.3149999976158142,0.3199999928474426,71805,0,0
2022-07-07 00:00:00+10:00,0.3199999928474426,0.3199999928474426,0.3149999976158142,0.3149999976158142,64633,0,0
2022-07-08 00:00:00+10:00,0.3149999976158142,0.3400000035762787,0.3149999976158142,0.32499998807907104,241188,0,0
2022-07-11 00:00:00+10:00,0.32499998807907104,0.32499998807907104,0.3100000023841858,0.3100000023841858,185680,0,0
2022-07-12 00:00:00+10:00,0.32499998807907104,0.32499998807907104,0.3050000071525574,0.32499998807907104,130212,0,0
2022-07-13 00:00:00+10:00,0.3149999976158142,0.33000001311302185,0.3149999976158142,0.3199999928474426,102017,0,0
2022-07-14 00:00:00+10:00,0.3199999928474426,0.33500000834465027,0.3199999928474426,0.33000001311302185,69091,0,0
2022-07-15 00:00:00+10:00,0.33000001311302185,0.33000001311302185,0.3149999976158142,0.3199999928474426,344437,0,0
2022-07-18 00:00:00+10:00,0.3199999928474426,0.3199999928474426,0.3149999976158142,0.3199999928474426,261805,0,0
2022-07-19 00:00:00+10:00,0.32499998807907104,0.33500000834465027,0.3149999976158142,0.3199999928474426,361387,0,0
2022-07-20 00:00:00+10:00,0.32499998807907104,0.35499998927116394,0.32499998807907104,0.3499999940395355,169652,0,0
2022-07-21 00:00:00+10:00,0.3499999940395355,0.35499998927116394,0.3499999940395355,0.3499999940395355,41426,0,0
2022-07-22 00:00:00+10:00,0.3499999940395355,0.36500000953674316,0.3400000035762787,0.36500000953674316,82039,0,0
2022-07-25 00:00:00+10:00,0.3700000047683716,0.375,0.3700000047683716,0.3700000047683716,607574,0,0
2022-07-26 00:00:00+10:00,0.375,0.3799999952316284,0.3700000047683716,0.3700000047683716,119914,0,0
2022-07-27 00:00:00+10:00,0.3700000047683716,0.3700000047683716,0.33500000834465027,0.36000001430511475,183020,0,0
2022-07-28 00:00:00+10:00,0.3499999940395355,0.375,0.3499999940395355,0.3700000047683716,52801,0,0
2022-07-29 00:00:00+10:00,0.3700000047683716,0.3799999952316284,0.36500000953674316,0.375,220123,0,0
2022-08-01 00:00:00+10:00,0.3799999952316284,0.4000000059604645,0.375,0.4000000059604645,442103,0,0
2022-08-02 00:00:00+10:00,0.39500001072883606,0.4000000059604645,0.35499998927116394,0.36500000953674316,76590,0,0
2022-08-03 00:00:00+10:00,0.3700000047683716,0.38499999046325684,0.36500000953674316,0.3700000047683716,14656,0,0
2022-08-04 00:00:00+10:00,0.35499998927116394,0.375,0.35499998927116394,0.3700000047683716,79788,0,0
2022-08-05 00:00:00+10:00,0.3700000047683716,0.375,0.36500000953674316,0.36500000953674316,54276,0,0
2022-08-08 00:00:00+10:00,0.3799999952316284,0.3799999952316284,0.3499999940395355,0.3499999940395355,115086,0,0
2022-08-09 00:00:00+10:00,0.3499999940395355,0.35499998927116394,0.3449999988079071,0.3449999988079071,49070,0,0
2022-08-10 00:00:00+10:00,0.3449999988079071,0.3449999988079071,0.32499998807907104,0.32499998807907104,34463,0,0
2022-08-11 00:00:00+10:00,0.32499998807907104,0.3400000035762787,0.32499998807907104,0.32499998807907104,106621,0,0
2022-08-12 00:00:00+10:00,0.33000001311302185,0.3400000035762787,0.33000001311302185,0.33000001311302185,53327,0,0
2022-08-15 00:00:00+10:00,0.33000001311302185,0.33500000834465027,0.32499998807907104,0.32499998807907104,44854,0,0
2022-08-16 00:00:00+10:00,0.33500000834465027,0.33500000834465027,0.32499998807907104,0.33500000834465027,66515,0,0
2022-08-17 00:00:00+10:00,0.3400000035762787,0.3400000035762787,0.33500000834465027,0.33500000834465027,141,0,0
2022-08-18 00:00:00+10:00,0.33500000834465027,0.3400000035762787,0.33500000834465027,0.3400000035762787,6133,0,0
2022-08-19 00:00:00+10:00,0.3400000035762787,0.375,0.32499998807907104,0.3499999940395355,666019,0,0
2022-08-22 00:00:00+10:00,0.36000001430511475,0.36000001430511475,0.3499999940395355,0.3499999940395355,269898,0,0
2022-08-23 00:00:00+10:00,0.3449999988079071,0.36500000953674316,0.33000001311302185,0.36500000953674316,46015,0,0
2022-08-24 00:00:00+10:00,0.36500000953674316,0.36500000953674316,0.35499998927116394,0.35499998927116394,41045,0,0
2022-08-25 00:00:00+10:00,0.35499998927116394,0.35499998927116394,0.3449999988079071,0.3499999940395355,31677,0,0
2022-08-26 00:00:00+10:00,0.3400000035762787,0.3499999940395355,0.33500000834465027,0.3499999940395355,98652,0,0
2022-08-29 00:00:00+10:00,0.3199999928474426,0.3449999988079071,0.3199999928474426,0.3449999988079071,75194,0,0
2022-08-30 00:00:00+10:00,0.3400000035762787,0.3499999940395355,0.33500000834465027,0.33500000834465027,62829,0,0
2022-08-31 00:00:00+10:00,0.33000001311302185,0.33500000834465027,0.3199999928474426,0.33000001311302185,132535,0,0
2022-09-01 00:00:00+10:00,0.33000001311302185,0.33000001311302185,0.33000001311302185,0.33000001311302185,5315,0,0
2022-09-02 00:00:00+10:00,0.33000001311302185,0.33500000834465027,0.29249998927116394,0.3050000071525574,423418,0,0
2022-09-05 00:00:00+10:00,0.3100000023841858,0.3100000023841858,0.28999999165534973,0.29499998688697815,28765,0,0
2022-09-06 00:00:00+10:00,0.29499998688697815,0.29499998688697815,0.2800000011920929,0.2800000011920929,149366,0,0
2022-09-07 00:00:00+10:00,0.28999999165534973,0.3100000023841858,0.28999999165534973,0.29499998688697815,40014,0,0
2022-09-08 00:00:00+10:00,0.30000001192092896,0.3100000023841858,0.2800000011920929,0.28999999165534973,114214,0,0
2022-09-09 00:00:00+10:00,0.28999999165534973,0.3050000071525574,0.2849999964237213,0.28999999165534973,59094,0,0
2022-09-12 00:00:00+10:00,0.3149999976158142,0.3149999976158142,0.2800000011920929,0.2849999964237213,96119,0,0
2022-09-13 00:00:00+10:00,0.2849999964237213,0.30000001192092896,0.2849999964237213,0.28999999165534973,34768,0,0
2022-09-14 00:00:00+10:00,0.28999999165534973,0.30000001192092896,0.28999999165534973,0.29499998688697815,46036,0,0
2022-09-15 00:00:00+10:00,0.29499998688697815,0.30000001192092896,0.2800000011920929,0.2849999964237213,193492,0,0
2022-09-16 00:00:00+10:00,0.2849999964237213,0.30000001192092896,0.26750001311302185,0.27000001072883606,177475,0,0
2022-09-19 00:00:00+10:00,0.2750000059604645,0.30000001192092896,0.2750000059604645,0.2849999964237213,70857,0,0
2022-09-20 00:00:00+10:00,0.2849999964237213,0.30000001192092896,0.2800000011920929,0.30000001192092896,53732,0,0
2022-09-21 00:00:00+10:00,0.30000001192092896,0.30000001192092896,0.2800000011920929,0.28999999165534973,32937,0,0
2022-09-23 00:00:00+10:00,0.2800000011920929,0.28999999165534973,0.2800000011920929,0.2849999964237213,67634,0,0
2022-09-26 00:00:00+10:00,0.2800000011920929,0.2849999964237213,0.26499998569488525,0.26499998569488525,73455,0,0
2022-09-27 00:00:00+10:00,0.2800000011920929,0.2849999964237213,0.2800000011920929,0.2849999964237213,19861,0,0
2022-09-28 00:00:00+10:00,0.2849999964237213,0.29499998688697815,0.2849999964237213,0.28999999165534973,133030,0,0
2022-09-29 00:00:00+10:00,0.28999999165534973,0.28999999165534973,0.2800000011920929,0.28999999165534973,173772,0,0
2022-09-30 00:00:00+10:00,0.28999999165534973,0.29499998688697815,0.28999999165534973,0.28999999165534973,264814,0,0
2022-10-03 00:00:00+11:00,0.28999999165534973,0.29499998688697815,0.2750000059604645,0.2800000011920929,31737,0,0
2022-10-04 00:00:00+11:00,0.30000001192092896,0.30000001192092896,0.2800000011920929,0.29499998688697815,58540,0,0
2022-10-05 00:00:00+11:00,0.28999999165534973,0.3100000023841858,0.28999999165534973,0.3050000071525574,269615,0,0
2022-10-06 00:00:00+11:00,0.30000001192092896,0.3100000023841858,0.29499998688697815,0.29499998688697815,254365,0,0
2022-10-07 00:00:00+11:00,0.28999999165534973,0.30250000953674316,0.28999999165534973,0.30000001192092896,383661,0,0
2022-10-10 00:00:00+11:00,0.29499998688697815,0.30000001192092896,0.2800000011920929,0.28999999165534973,111618,0,0
2022-10-11 00:00:00+11:00,0.2800000011920929,0.28999999165534973,0.2750000059604645,0.28999999165534973,118820,0,0
2022-10-12 00:00:00+11:00,0.2750000059604645,0.30000001192092896,0.2750000059604645,0.2800000011920929,88215,0,0
2022-10-13 00:00:00+11:00,0.2750000059604645,0.2750000059604645,0.25,0.25999999046325684,737677,0,0
2022-10-14 00:00:00+11:00,0.25999999046325684,0.27000001072883606,0.2549999952316284,0.27000001072883606,204737,0,0
2022-10-17 00:00:00+11:00,0.25999999046325684,0.2750000059604645,0.25999999046325684,0.25999999046325684,36809,0,0
2022-10-18 00:00:00+11:00,0.26499998569488525,0.26499998569488525,0.25,0.2549999952316284,189993,0,0
2022-10-19 00:00:00+11:00,0.25,0.2549999952316284,0.24500000476837158,0.25,64487,0,0
2022-10-20 00:00:00+11:00,0.25,0.26499998569488525,0.23999999463558197,0.23999999463558197,212122,0,0
2022-10-21 00:00:00+11:00,0.24500000476837158,0.25,0.23999999463558197,0.25,74385,0,0
2022-10-24 00:00:00+11:00,0.25999999046325684,0.2750000059604645,0.24500000476837158,0.24500000476837158,904972,0,0
2022-10-25 00:00:00+11:00,0.24500000476837158,0.25,0.22499999403953552,0.23499999940395355,305471,0,0
2022-10-26 00:00:00+11:00,0.23999999463558197,0.24500000476837158,0.20000000298023224,0.23000000417232513,359093,0,0
2022-10-27 00:00:00+11:00,0.24500000476837158,0.24500000476837158,0.23000000417232513,0.24500000476837158,15000,0,0
2022-10-28 00:00:00+11:00,0.2199999988079071,0.24500000476837158,0.2199999988079071,0.23000000417232513,100970,0,0
2022-10-31 00:00:00+11:00,0.23000000417232513,0.24500000476837158,0.23000000417232513,0.24500000476837158,252559,0,0
2022-11-01 00:00:00+11:00,0.23999999463558197,0.23999999463558197,0.23999999463558197,0.23999999463558197,4960,0,0
2022-11-02 00:00:00+11:00,0.23499999940395355,0.24500000476837158,0.2150000035762787,0.23000000417232513,122516,0,0
2022-11-03 00:00:00+11:00,0.23499999940395355,0.24500000476837158,0.23000000417232513,0.24500000476837158,5172,0,0
2022-11-04 00:00:00+11:00,0.23999999463558197,0.26499998569488525,0.23999999463558197,0.25999999046325684,156188,0,0
2022-11-07 00:00:00+11:00,0.25999999046325684,0.26499998569488525,0.25,0.26499998569488525,80426,0,0
2022-11-08 00:00:00+11:00,0.27000001072883606,0.28999999165534973,0.26499998569488525,0.28999999165534973,155892,0,0
2022-11-09 00:00:00+11:00,0.2750000059604645,0.28999999165534973,0.25999999046325684,0.28999999165534973,251907,0,0
2022-11-10 00:00:00+11:00,0.28999999165534973,0.28999999165534973,0.2800000011920929,0.28999999165534973,182950,0,0
2022-11-11 00:00:00+11:00,0.28999999165534973,0.28999999165534973,0.26750001311302185,0.2849999964237213,92288,0,0
2022-11-14 00:00:00+11:00,0.2549999952316284,0.2800000011920929,0.25,0.2750000059604645,152996,0,0
2022-11-15 00:00:00+11:00,0.25999999046325684,0.28999999165534973,0.25999999046325684,0.2849999964237213,171379,0,0
2022-11-16 00:00:00+11:00,0.28999999165534973,0.3199999928474426,0.2849999964237213,0.3199999928474426,257403,0,0
2022-11-17 00:00:00+11:00,0.3199999928474426,0.3199999928474426,0.2800000011920929,0.2800000011920929,188126,0,0
2022-11-18 00:00:00+11:00,0.26499998569488525,0.2849999964237213,0.2549999952316284,0.25999999046325684,85160,0,0
2022-11-21 00:00:00+11:00,0.25999999046325684,0.25999999046325684,0.2549999952316284,0.25999999046325684,38536,0,0
2022-11-22 00:00:00+11:00,0.25999999046325684,0.2750000059604645,0.25999999046325684,0.2750000059604645,37411,0,0
2022-11-23 00:00:00+11:00,0.2750000059604645,0.2750000059604645,0.2750000059604645,0.2750000059604645,19,0,0
2022-11-24 00:00:00+11:00,0.2750000059604645,0.2750000059604645,0.25,0.25999999046325684,44932,0,0
2022-11-25 00:00:00+11:00,0.25,0.2750000059604645,0.25,0.25,131390,0,0
2022-11-28 00:00:00+11:00,0.2549999952316284,0.25999999046325684,0.2549999952316284,0.25999999046325684,3182,0,0
2022-11-29 00:00:00+11:00,0.25999999046325684,0.26499998569488525,0.25999999046325684,0.26499998569488525,12426,0,0
2022-11-30 00:00:00+11:00,0.26499998569488525,0.26499998569488525,0.26499998569488525,0.26499998569488525,0,0,0
2022-12-01 00:00:00+11:00,0.2549999952316284,0.2849999964237213,0.25,0.2800000011920929,68627,0,0
2022-12-02 00:00:00+11:00,0.25,0.27000001072883606,0.25,0.25,142966,0,0
2022-12-05 00:00:00+11:00,0.25999999046325684,0.2800000011920929,0.2549999952316284,0.2800000011920929,111377,0,0
2022-12-06 00:00:00+11:00,0.2800000011920929,0.28999999165534973,0.2800000011920929,0.28999999165534973,91719,0,0
2022-12-07 00:00:00+11:00,0.28999999165534973,0.28999999165534973,0.27000001072883606,0.27000001072883606,30918,0,0
2022-12-08 00:00:00+11:00,0.27000001072883606,0.27000001072883606,0.25999999046325684,0.25999999046325684,34605,0,0
2022-12-09 00:00:00+11:00,0.25,0.25,0.22499999403953552,0.23999999463558197,75652,0,0
2022-12-12 00:00:00+11:00,0.23999999463558197,0.25,0.23999999463558197,0.23999999463558197,45230,0,0
2022-12-13 00:00:00+11:00,0.23999999463558197,0.24500000476837158,0.2199999988079071,0.2199999988079071,139776,0,0
2022-12-14 00:00:00+11:00,0.20999999344348907,0.23000000417232513,0.20999999344348907,0.23000000417232513,90173,0,0
2022-12-15 00:00:00+11:00,0.22499999403953552,0.22499999403953552,0.22499999403953552,0.22499999403953552,60000,0,0
2022-12-16 00:00:00+11:00,0.22499999403953552,0.23000000417232513,0.2199999988079071,0.2199999988079071,29348,0,0
2022-12-19 00:00:00+11:00,0.23000000417232513,0.23250000178813934,0.23000000417232513,0.23250000178813934,3594,0,0
2022-12-20 00:00:00+11:00,0.23000000417232513,0.23000000417232513,0.2199999988079071,0.2199999988079071,183308,0,0
2022-12-21 00:00:00+11:00,0.22499999403953552,0.22499999403953552,0.2150000035762787,0.2150000035762787,201152,0,0
2022-12-22 00:00:00+11:00,0.2199999988079071,0.2199999988079071,0.20000000298023224,0.20999999344348907,264222,0,0
2022-12-23 00:00:00+11:00,0.20499999821186066,0.20499999821186066,0.1875,0.1899999976158142,170302,0,0
2022-12-28 00:00:00+11:00,0.20000000298023224,0.2150000035762787,0.20000000298023224,0.20000000298023224,99336,0,0
2022-12-29 00:00:00+11:00,0.20000000298023224,0.20000000298023224,0.19499999284744263,0.20000000298023224,249979,0,0
2022-12-30 00:00:00+11:00,0.19499999284744263,0.20499999821186066,0.19499999284744263,0.20499999821186066,74303,0,0
2023-01-03 00:00:00+11:00,0.20499999821186066,0.20499999821186066,0.20499999821186066,0.20499999821186066,59981,0,0
2023-01-04 00:00:00+11:00,0.20499999821186066,0.20499999821186066,0.20499999821186066,0.20499999821186066,0,0,0
2023-01-05 00:00:00+11:00,0.20000000298023224,0.20000000298023224,0.19499999284744263,0.20000000298023224,46701,0,0
2023-01-06 00:00:00+11:00,0.20000000298023224,0.20000000298023224,0.20000000298023224,0.20000000298023224,21000,0,0
2023-01-09 00:00:00+11:00,0.20000000298023224,0.20999999344348907,0.20000000298023224,0.20000000298023224,25573,0,0
2023-01-10 00:00:00+11:00,0.20499999821186066,0.20499999821186066,0.1899999976158142,0.1899999976158142,97780,0,0
2023-01-11 00:00:00+11:00,0.1899999976158142,0.20250000059604645,0.1899999976158142,0.19499999284744263,48621,0,0
2023-01-12 00:00:00+11:00,0.19750000536441803,0.20000000298023224,0.19499999284744263,0.19499999284744263,50800,0,0
2023-01-13 00:00:00+11:00,0.19499999284744263,0.19499999284744263,0.1899999976158142,0.19249999523162842,150324,0,0
2023-01-16 00:00:00+11:00,0.20000000298023224,0.20000000298023224,0.18000000715255737,0.1850000023841858,132640,0,0
2023-01-17 00:00:00+11:00,0.1850000023841858,0.1850000023841858,0.18000000715255737,0.1850000023841858,133813,0,0
2023-01-18 00:00:00+11:00,0.1850000023841858,0.1899999976158142,0.16500000655651093,0.1899999976158142,263734,0,0
2023-01-19 00:00:00+11:00,0.1850000023841858,0.1850000023841858,0.18000000715255737,0.18000000715255737,202603,0,0
2023-01-20 00:00:00+11:00,0.17499999701976776,0.17499999701976776,0.16500000655651093,0.17000000178813934,191901,0,0
2023-01-23 00:00:00+11:00,0.17499999701976776,0.18250000476837158,0.17249999940395355,0.17499999701976776,198975,0,0
2023-01-24 00:00:00+11:00,0.17499999701976776,0.17499999701976776,0.17000000178813934,0.17000000178813934,67351,0,0
2023-01-25 00:00:00+11:00,0.17000000178813934,0.18000000715255737,0.17000000178813934,0.17499999701976776,74059,0,0
2023-01-27 00:00:00+11:00,0.18000000715255737,0.1850000023841858,0.17499999701976776,0.18000000715255737,40364,0,0
2023-01-30 00:00:00+11:00,0.18000000715255737,0.18000000715255737,0.16500000655651093,0.17000000178813934,381456,0,0
2023-01-31 00:00:00+11:00,0.17499999701976776,0.18000000715255737,0.16750000417232513,0.17000000178813934,798747,0,0
2023-02-01 00:00:00+11:00,0.17000000178813934,0.17000000178813934,0.16500000655651093,0.16500000655651093,460920,0,0
2023-02-02 00:00:00+11:00,0.16500000655651093,0.16500000655651093,0.16249999403953552,0.16249999403953552,280147,0,0
2023-02-03 00:00:00+11:00,0.1599999964237213,0.17499999701976776,0.1599999964237213,0.17000000178813934,157807,0,0
2023-02-06 00:00:00+11:00,0.17000000178813934,0.17000000178813934,0.16500000655651093,0.16500000655651093,125515,0,0
2023-02-07 00:00:00+11:00,0.16500000655651093,0.16500000655651093,0.15000000596046448,0.1550000011920929,1008321,0,0
2023-02-08 00:00:00+11:00,0.1550000011920929,0.16500000655651093,0.1550000011920929,0.16500000655651093,224470,0,0
2023-02-09 00:00:00+11:00,0.16500000655651093,0.16500000655651093,0.1599999964237213,0.1599999964237213,163237,0,0
2023-02-10 00:00:00+11:00,0.1550000011920929,0.17000000178813934,0.1550000011920929,0.17000000178813934,67265,0,0
2023-02-13 00:00:00+11:00,0.17000000178813934,0.17000000178813934,0.16500000655651093,0.16500000655651093,98576,0,0
2023-02-14 00:00:00+11:00,0.1599999964237213,0.1599999964237213,0.1550000011920929,0.1550000011920929,184000,0,0
2023-02-15 00:00:00+11:00,0.1599999964237213,0.1599999964237213,0.1599999964237213,0.1599999964237213,191049,0,0
2023-02-16 00:00:00+11:00,0.16500000655651093,0.16500000655651093,0.16500000655651093,0.16500000655651093,6003,0,0
2023-02-17 00:00:00+11:00,0.1574999988079071,0.1599999964237213,0.1550000011920929,0.1550000011920929,23512,0,0
2023-02-20 00:00:00+11:00,0.1550000011920929,0.1599999964237213,0.14499999582767487,0.15000000596046448,372090,0,0
2023-02-21 00:00:00+11:00,0.14499999582767487,0.14499999582767487,0.12999999523162842,0.13500000536441803,569802,0,0
2023-02-22 00:00:00+11:00,0.12999999523162842,0.13500000536441803,0.125,0.12999999523162842,144280,0,0
2023-02-23 00:00:00+11:00,0.12999999523162842,0.13500000536441803,0.125,0.12999999523162842,12837,0,0
2023-02-24 00:00:00+11:00,0.13500000536441803,0.13500000536441803,0.125,0.125,156029,0,0
2023-02-27 00:00:00+11:00,0.1274999976158142,0.13500000536441803,0.11999999731779099,0.11999999731779099,202603,0,0
2023-02-28 00:00:00+11:00,0.11999999731779099,0.125,0.10499999672174454,0.11999999731779099,591597,0,0
2023-03-01 00:00:00+11:00,0.11500000208616257,0.12999999523162842,0.11500000208616257,0.12999999523162842,37082,0,0
2023-03-02 00:00:00+11:00,0.125,0.12999999523162842,0.11500000208616257,0.12999999523162842,100896,0,0
2023-03-03 00:00:00+11:00,0.12999999523162842,0.13500000536441803,0.12999999523162842,0.13500000536441803,34785,0,0
2023-03-06 00:00:00+11:00,0.14000000059604645,0.16500000655651093,0.14000000059604645,0.16500000655651093,234099,0,0
2023-03-07 00:00:00+11:00,0.19499999284744263,0.2800000011920929,0.17499999701976776,0.18000000715255737,5861293,0,0
2023-03-08 00:00:00+11:00,0.1850000023841858,0.1899999976158142,0.1550000011920929,0.16500000655651093,1327387,0,0
2023-03-09 00:00:00+11:00,0.1599999964237213,0.17000000178813934,0.1550000011920929,0.16500000655651093,388916,0,0
2023-03-10 00:00:00+11:00,0.1599999964237213,0.1599999964237213,0.14000000059604645,0.14000000059604645,1085441,0,0
